{"cameraMode":{"drawMode":0,"name":"Shaded","section":"Shading Mode"},"sceneLighting":false,"audioPlay":false,"sceneViewState":{"m_AlwaysRefresh":false,"showFog":false,"showSkybox":false,"showFlares":false,"showImageEffects":false,"showParticleSystems":false,"showVisualEffectGraphs":true,"m_FxEnabled":true},"in2DMode":false,"pivot":{"x":-0.04791904240846634,"y":0.17109538614749909,"z":-0.06342625617980957},"rotation":{"x":-0.016745327040553094,"y":0.08747672289609909,"z":-0.001461618347093463,"w":-0.9960415959358215},"size":0.17582160234451295,"orthographic":false}