{"cameraMode":{"drawMode":0,"name":"Shaded","section":"Shading Mode"},"sceneLighting":false,"audioPlay":false,"sceneViewState":{"m_AlwaysRefresh":false,"showFog":true,"showSkybox":false,"showFlares":true,"showImageEffects":true,"showParticleSystems":true,"showVisualEffectGraphs":true,"m_FxEnabled":true},"in2DMode":false,"pivot":{"x":3.9497952461242677,"y":2.4588394165039064,"z":1.7051187753677369},"rotation":{"x":-0.005041590891778469,"y":0.5976482033729553,"z":-0.003800046630203724,"w":-0.801906406879425},"size":2.1635000705718996,"orthographic":false}