{"cameraMode":{"drawMode":0,"name":"Shaded","section":"Shading Mode"},"sceneLighting":false,"audioPlay":false,"sceneViewState":{"m_AlwaysRefresh":false,"showFog":true,"showSkybox":false,"showFlares":true,"showImageEffects":true,"showParticleSystems":true,"showVisualEffectGraphs":true,"m_FxEnabled":true},"in2DMode":false,"pivot":{"x":434.4364318847656,"y":205.30160522460938,"z":4.0706787109375},"rotation":{"x":0.00017793338338378817,"y":0.9997095465660095,"z":-0.022807011380791665,"w":0.007798811886459589},"size":239.89405822753907,"orthographic":false}