{"cameraMode":{"drawMode":0,"name":"Shaded","section":"Shading Mode"},"sceneLighting":false,"audioPlay":false,"sceneViewState":{"m_AlwaysRefresh":false,"showFog":false,"showSkybox":false,"showFlares":false,"showImageEffects":false,"showParticleSystems":false,"showVisualEffectGraphs":true,"m_FxEnabled":true},"in2DMode":false,"pivot":{"x":0.005947887897491455,"y":0.3765678405761719,"z":0.06759786605834961},"rotation":{"x":0.02481384575366974,"y":0.5495105981826782,"z":0.016297636553645135,"w":-0.8351250290870667},"size":1.3869996070861817,"orthographic":false}